{"designerVersion":"1.2.16","favorite":false,"id":"7368d270-0816-4f86-ba7c-40d70bb7d2b9","name":"actionButtonsDataTableExample","type":"page","lastUpdate":1458761322354,"rows":[[{"type":"component","dimension":{"lg":12,"md":12,"sm":12,"xs":12},"propertyValues":{"cssClasses":{"type":"constant","value":""},"hidden":{"type":"constant","value":false},"headers":{"type":"constant","value":["Id","Firstname","Lastname","Username"]},"type":{"type":"constant","value":"Bonita API"},"apiUrl":{"type":"expression","value":"data"},"params":{"type":"constant","value":""},"content":{"type":"constant"},"columnsKey":{"type":"constant","value":["id","firstname","lastname","userName"]},"actions":{"type":"expression","value":"dynamicActions"},"sortColumns":{"type":"constant"},"selectedRow":{"type":"variable","value":"selected"},"pageSize":{"type":"constant","value":2},"filter":{"type":"constant"}},"reference":"91d149b5-04b4-4790-9267-bac153339ce0","id":"actionButtonsDataTableWidget"}],[{"type":"component","dimension":{"lg":12,"md":12,"sm":12,"xs":12},"propertyValues":{"cssClasses":{"type":"constant","value":""},"hidden":{"type":"constant","value":false},"readOnly":{"type":"constant","value":false},"required":{"type":"constant","value":false},"minLength":{"type":"constant","value":""},"maxLength":{"type":"constant","value":""},"labelHidden":{"type":"constant","value":false},"label":{"type":"interpolation","value":"Action Output"},"labelPosition":{"type":"constant","value":"top"},"labelWidth":{"type":"constant","value":4},"value":{"type":"variable","value":"dynamicActions.export.output"}},"reference":"8b5d6b51-c899-4fe5-b180-86759d0f6f32","id":"pbTextarea"}]],"assets":[{"id":"f17dfad6-f0d3-4988-9011-615fa23f110e","name":"localization.json","type":"json","order":0,"active":true,"external":false},{"id":"6ab3c3fe-3859-4c65-8283-9405ba4f8450","name":"actionTriggers.js","type":"js","order":1,"active":true,"external":false}],"inactiveAssets":[],"data":{"data":{"type":"constant","value":"../API/identity/user","exposed":false},"dynamicActions":{"type":"expression","value":"return {\r\n    \"delete\": {\r\n    \t\"name\": \"delete\",\r\n    \t\"glyphicon\": \"trash\",\r\n    \t\"service\": \"bonitaService\",\r\n    \t\"method\": \"trigger1\",\r\n    \t\"arguments\": [$data.selected.firstname, $data.selected.lastname],\r\n    \t\"output\": \"\"\r\n    },\r\n    \"export\": {\r\n    \t\"name\": \"export\",\r\n    \t\"glyphicon\": \"export\",\r\n    \t\"service\": \"bonitaService\",\r\n    \t\"method\": \"trigger2\",\r\n    \t\"arguments\": [$data.selected.firstname, $data.selected.lastname],\r\n    \t\"output\": \"\"\r\n    }\r\n};","exposed":false},"selected":{"type":"json","value":"{\n    \"firstname\": \"No firstname\",\n    \"lastname\": \"No lastname\"\n}","exposed":false}}}