{"designerVersion":"1.2.16","favorite":false,"id":"7368d270-0816-4f86-ba7c-40d70bb7d2b9","name":"actionButtonsDataTableExample","type":"page","lastUpdate":1459272114054,"rows":[[{"type":"component","dimension":{"lg":12,"md":12,"sm":12,"xs":12},"propertyValues":{"cssClasses":{"type":"constant","value":""},"hidden":{"type":"constant","value":false},"headers":{"type":"constant","value":["Id","Firstname","Lastname","Username"]},"type":{"type":"constant","value":"Bonita API"},"apiUrl":{"type":"expression","value":"data"},"params":{"type":"constant"},"content":{"type":"constant"},"columnsKey":{"type":"constant","value":["id","firstname","lastname","userName"]},"actions":{"type":"variable","value":"dynamicActions"},"sortColumns":{"type":"constant"},"selectedRow":{"type":"variable","value":"selected"},"pageSize":{"type":"constant","value":2},"filter":{"type":"constant"}},"reference":"ee09c836-40e7-4403-bfb8-72255e8dcfba","id":"actionButtonsDataTableWidget"}],[{"type":"component","dimension":{"lg":12,"md":12,"sm":12,"xs":12},"propertyValues":{"cssClasses":{"type":"constant","value":""},"hidden":{"type":"constant","value":false},"readOnly":{"type":"constant","value":false},"required":{"type":"constant","value":false},"minLength":{"type":"constant","value":""},"maxLength":{"type":"constant","value":""},"labelHidden":{"type":"constant","value":false},"label":{"type":"interpolation","value":"Action Output"},"labelPosition":{"type":"constant","value":"top"},"labelWidth":{"type":"constant","value":4},"value":{"type":"variable","value":"output"}},"reference":"8b5d6b51-c899-4fe5-b180-86759d0f6f32","id":"pbTextarea"}]],"assets":[{"id":"f17dfad6-f0d3-4988-9011-615fa23f110e","name":"localization.json","type":"json","order":0,"active":true,"external":false}],"inactiveAssets":[],"data":{"data":{"type":"constant","value":"../API/identity/user","exposed":false},"dynamicActions":{"type":"expression","value":"return {\r\n    \"delete\": {\r\n    \t\"glyphicon\": \"trash\",\r\n    \t\"handler\": function(row) {\r\n            alert('Do you really want to delete ' + row.firstname + \"?\");\r\n        }\r\n    },\r\n    \"export\": {\r\n    \t\"glyphicon\": \"export\",\r\n    \t\"handler\": function(row) {\r\n            $data.output = row.firstname;\r\n        },\r\n    \t\"output\": \"\"\r\n    }\r\n};","exposed":false},"selected":{"type":"json","value":"{\n    \"firstname\": \"No firstname\",\n    \"lastname\": \"No lastname\"\n}","exposed":false},"output":{"type":"constant","exposed":false}}}